region,price,garage,bedrooms,bathrooms,datebuilt,floorarea,detached,fireplace,agelessthan15,age65andover,nonwhite,unemploy,ownocc,carsperhh,manuf
6,25500,0,3,2,1973,70.4,0,0,26.86,8.5,0.038,11.38,52.706,0.583,23.273
6,17450,0,1,1,1982,40.9,0,0,23.22,16.74,1.836,11.73,60.44,0.402,11.524
6,22450,0,2,1,1883,78.6,0,1,20.41,15.79,0.153,5.18,59.692,0.952,12.325
1,22500,0,2,1,1912,81.9,0,0,19.53,15.82,2.881,4.84,59.046,0.745,12.618
5,53500,0,3,1,1959,83.9,0,0,19.69,18.55,0.626,8.08,57.439,0.587,12.593
6,48100,1,2,1,1952,104.8,0,0,18.18,19.69,1.012,0.96,61.262,0.849,7.251
1,29250,0,3,1,1894,136.8,0,0,24.88,17.21,1.653,12.4,59.455,0.178,19.546
1,35450,1,3,1,1975,65.3,0,0,21.82,16.26,1.102,3.46,53.283,0.501,12.353
6,21500,0,2,2,1910,95.6,0,0,21.61,18.59,0.302,9.18,58.23,0.772,16.16
6,28250,0,1,1,1900,76.8,0,0,23.66,15.52,3.506,11.16,51.821,0.277,11.491
6,25000,0,2,1,1940,97.3,0,1,20.41,17.39,0.15,4.18,58.904,0.795,26.654
1,39000,0,1,1,1992,61.1,0,0,20.08,19.34,0.538,1.98,58.045,0.397,22.87
1,18450,0,1,1,1990,19,0,0,17.81,21.11,0.896,8.08,60.098,0.481,24.694
2,58980,0,2,1,1984,51.4,0,0,14.67,19.57,11.567,12.98,61,0.037,9.715
3,63000,1,3,1,1947,106,0,0,19.05,18.55,1.974,5.58,54.916,1.126,16.426
3,36000,0,1,2,1992,73.3,0,0,20.97,15.21,2.03,3.54,54.532,0.698,13.406
6,34500,0,3,1,1972,99.3,0,1,25.06,9.92,0.445,7.25,57.785,0.816,26.701
6,26500,0,2,1,1964,95.5,0,1,24.35,12.2,0.944,2.12,61.229,0.484,30.65
5,21000,0,1,1,1954,47.5,0,1,25.15,12.2,0.288,6.12,53.077,0.534,21.943
5,23000,0,1,1,1946,49.7,0,0,23.95,10.2,1.055,4.12,56.172,0.574,29.386
6,31450,1,2,1,1966,62.9,0,0,27.97,9.72,0.801,3.36,54.523,0.548,23.987
1,38500,0,2,1,1978,66.2,0,1,18.04,16.75,0.006,5.29,52.507,0.599,17.284
1,22450,0,1,1,1899,80.7,0,0,23.68,18.81,2.068,7.4,57.205,0.054,17.198
1,23450,0,2,1,1923,68.5,0,0,23.53,15.68,0.988,11.19,51.981,0.591,10.858
1,26450,0,2,1,1913,71.3,0,0,22.18,16.57,0.938,12.29,54.162,0.261,25.968
6,29450,0,2,1,1934,125.4,0,0,22.11,15.65,0.739,1.69,59.516,0.806,9.568
5,37450,0,1,1,1905,68.5,0,1,24.06,14.72,4.126,7.16,55.557,0.268,21.944
6,46500,0,3,1,1993,83.5,0,0,24.59,15.85,0.446,9,54.306,0.209,23.441
3,38500,1,1,1,1907,46.9,0,0,13.66,21.75,1.312,7.07,53.614,0.854,14.093
1,35500,0,2,1,1988,62.7,0,0,20.6,17.67,0.874,8.12,55.559,0.946,20.156
5,49950,0,1,1,1996,58.8,0,0,30.03,5.91,2.098,0.05,52.348,0.889,23.413
5,29000,0,3,1,1907,108.4,0,1,23.22,15.54,1.884,4.73,55.718,0.781,16.555
5,76450,1,2,2,1936,100.6,0,0,20.16,17.4,6.822,8.45,55.819,0.507,10.846
6,51500,1,3,1,1973,115.1,0,0,22.89,18.15,0.606,10.08,59.252,0.429,29.529
6,94500,1,3,1,1975,171.7,0,0,18.12,16.46,1.498,7.89,54.457,0.788,20.931
6,64500,1,3,1,1974,107,0,0,26.66,11.12,0.502,8.25,56.707,0.56,27.124
5,71000,1,4,1,1913,167.5,0,1,16.92,19.26,1.365,2.89,59.784,1.223,11.171
3,71750,1,4,1,1938,119,0,0,21.44,22.21,0.746,0.37,55.363,1.242,18.789
3,56500,1,4,1,1941,91.8,0,0,19.84,21.81,0.351,1.37,58.517,0.72,3.904
3,60500,1,3,1,1948,103.5,0,0,21.04,21.81,1.003,3.37,61.637,0.694,12.097
3,87000,1,3,1,1983,139,0,0,23.12,15.68,1.157,2.76,53.953,1.151,6.49
3,36500,1,3,1,1893,94,0,0,18.29,22.49,1.356,7.53,59.787,0.99,21.996
2,61000,1,2,1,1968,90.1,0,0,21.02,15.21,1.073,3.83,52.958,0.827,17.506
3,73500,1,2,1,1982,120.8,1,0,23.42,12.79,1.109,10.26,56.377,0.664,19.357
3,67000,1,4,1,1992,155.3,1,0,22.21,16.68,0.508,0.11,59.84,0.502,17.8
2,52000,1,3,1,1974,88.2,0,0,22.05,13.37,0.967,2.26,61.401,0.456,11.34
2,47500,0,2,1,1956,109.4,0,0,21.29,13.91,0.231,5.19,54.569,0.642,10.956
3,37500,0,3,1,1903,109.9,0,1,22.17,14.01,2.122,0,59.668,0.884,12.756
1,35500,0,3,1,1941,105.1,0,0,19.28,21.34,0.925,6.98,54.718,0.578,13.915
5,51950,1,3,1,1988,83.6,0,0,27.23,6.31,1.792,7.05,52.002,1.235,18.79
5,39450,1,1,1,1983,58.3,0,0,24.75,13.8,0.988,9.12,54.112,0.511,28.036
1,39000,0,3,1,1943,105.6,0,0,23.44,17.11,0.57,12.25,59.449,0.188,30.065
6,22500,0,2,1,1919,76.8,0,0,25.95,12.6,0.85,2.12,56.834,0.831,34.387
6,51500,1,3,1,1980,121.2,0,0,25.06,11.12,1.085,4.25,55.179,0.732,25.455
5,35450,0,3,1,1901,104.2,0,1,26.37,10.92,0.946,2.36,56.378,1.068,31.62
1,28500,1,1,1,1979,67.9,0,0,20.62,14.26,1.071,0.46,54.014,0.356,30.569
1,39000,0,3,1,1895,103,0,1,18.19,15.92,0.838,6.11,58.794,0.555,15.831
2,80500,1,2,2,1994,113.6,0,1,21.3,21.59,3.348,0.75,59.725,0.525,0.221
1,48000,1,3,2,1971,115.1,0,1,23.29,16.91,0.03,7.38,60.45,0.296,28.661
1,29500,0,4,1,1961,104.7,0,0,20.48,19.34,0.74,0.98,61.209,0.24,16.48
1,39500,0,3,1,1980,82,0,0,21.78,16.57,1.465,13.29,58.837,0.439,13.631
1,34500,0,2,1,1901,105.4,0,1,19.13,15.82,2.828,4.84,61.378,0.318,22.907
1,31500,0,2,1,1924,81.9,0,1,19.79,17.52,0.478,5.11,54.919,0.374,24.328
6,50500,1,2,1,1969,75,0,0,26.77,12.12,1.127,2.36,60.378,0.782,31.077
5,50500,1,2,1,1961,95.9,0,0,19.69,15.75,0.134,10.08,60.267,0.945,21.128
5,55000,1,3,1,1962,86.5,0,0,22.49,18.55,0.343,10.08,54.104,0.759,16.707
6,28000,0,4,1,1901,94.9,0,1,21.02,18.18,0.112,0.86,59.669,0.782,20.978
5,41800,0,3,1,1975,124.9,0,1,19.29,17.35,0.168,5.08,52.313,0.666,14.53
6,55000,1,2,1,1972,90.3,0,0,20.49,17.75,0.586,5.08,53.949,0.693,25.211
5,29450,0,2,1,1901,119.5,0,0,18.53,19.32,0.809,4.82,61.235,0.986,10.886
2,32500,0,2,1,1937,80.6,0,0,14.17,17.42,5.652,5.52,60.857,1.12,12.83
2,49250,1,3,1,1969,102.7,0,0,24.85,16.57,0.905,7.26,58.352,0.463,15.795
5,57500,0,2,1,1942,100.3,0,0,18.92,18.06,1.262,0,56.281,0.737,6.287
5,64000,1,4,1,1930,174.2,0,0,20.18,19.29,0.814,8.96,61.027,0.698,21.888
5,36450,0,3,1,1950,81.5,0,1,16.92,19.26,1.305,3.89,54.07,0.795,12.016
5,58500,1,3,1,1989,90.6,1,0,25.62,18.02,0.28,7.21,54.918,0.207,25.851
6,37000,1,3,1,1965,118.6,0,1,25.95,11,1.047,2.12,57.542,0.831,29.454
5,32750,1,2,1,1893,82,0,0,19.36,16.6,6.869,12.45,51.852,0.754,13.909
5,65500,1,3,1,1959,111.2,0,0,20.13,17.32,1.287,9.82,55.157,0.635,24.729
6,114500,1,3,1,1901,202,0,0,18.58,18.09,0.71,5.96,57.884,0.684,19.852
6,54000,0,3,1,1921,151.6,0,0,20.12,18.46,0.931,1.89,55.832,0.955,7.76
5,60000,1,3,1,1951,139.4,0,0,19.25,20.3,0.58,3.21,52.157,0.308,18.583
4,39000,0,4,1,1953,91.6,0,0,17.78,18.4,0.651,4.59,53.667,1.009,5.691
1,45300,1,3,1,1973,101.5,0,0,23.02,17.06,0.935,8.46,57.645,0.696,12.349
5,71500,1,4,1,1953,144.8,0,0,19.33,19.32,1.124,5.82,57.353,0.579,20.284
5,24600,0,3,1,1963,98.5,0,0,24.04,17.56,1.032,8.69,56.348,0.706,14.076
5,25500,0,2,1,1957,123.1,0,0,21.64,16.76,1.053,5.69,55.63,0.479,29.561
6,38500,1,2,1,1976,78,0,1,19.69,16.95,0.38,6.08,52.099,0.614,16.392
5,37000,1,3,1,1976,85.7,0,0,28.26,9.52,0.567,1.25,53.967,0.957,26.356
5,44500,1,2,2,1960,91.7,0,0,27.86,10.32,0.824,8.25,56.529,0.996,18.561
6,36500,0,3,1,1983,98.5,0,1,28.43,7.51,1.499,1.05,52.582,0.934,27.045
6,48450,0,4,1,1901,186.7,0,1,24.74,13.03,0.767,8.75,57.553,0.858,14.566
5,42500,1,3,1,1981,68.2,0,0,27.63,7.51,1.792,3.05,56.433,0.833,18.005
5,40500,0,2,1,1989,71.4,0,0,27.23,9.11,1.529,6.05,61.237,0.827,29.291
3,61500,0,4,1,1899,170.7,0,1,19.61,20.06,2.649,7.54,60.044,0.568,12.833
3,61500,0,4,1,1903,174.7,0,0,20.41,19.26,2.35,3.54,55.807,0.721,7.651
3,74500,1,4,1,1928,98.3,0,0,21.04,20.21,0.352,4.37,61.62,0.915,18.008
3,63000,1,4,1,1961,100.6,0,0,19.05,20.95,1.722,1.58,52.801,1.035,20.337
2,51000,0,3,1,1907,153.9,0,1,17.03,17.52,5.558,0.21,53.93,0.911,21.011
6,44500,1,3,1,1967,99,0,1,18.35,20.48,0.503,9.36,60.782,0.481,14.081
5,28500,0,2,1,1994,54.7,0,0,18.58,19.69,0.816,4.96,58.903,0.563,12.486
3,27500,1,2,1,1913,95,0,0,14.46,23.75,0.835,8.07,59.428,0.91,21.72
3,37450,1,2,1,1893,120.7,0,1,20.41,21.26,2.667,0.54,56.303,1.002,4.815
3,37000,1,1,1,1932,78.4,0,0,18.16,16.76,0.995,7.81,53.3,0.311,14.744
2,66000,0,1,1,1987,66,0,0,21.29,17.02,3.676,14.65,57.67,0.001,8.587
2,41250,0,2,1,1983,72.4,0,1,15.07,21.17,10.96,12.98,57.4,0.004,7.791
2,20000,1,1,1,1982,25.8,0,0,22.05,14.57,1.16,2.26,57.658,0.744,19.684
4,26500,0,3,1,1905,75.5,0,0,22.45,18.39,5.218,5.14,53.581,0.385,21.532
1,22000,0,2,1,1967,81.6,0,0,21.02,17.06,0.534,1.46,57.956,0.721,24.68
3,21000,0,2,1,1911,53.4,0,0,21.86,21.15,0.961,2.09,56.272,0.193,19.377
3,28750,0,1,1,1954,52.1,0,0,16.62,24.86,0.171,4.47,53.41,0.943,19.115
5,19500,0,2,1,1922,65.2,0,1,22.19,17.85,0.333,12,54.48,0.461,27.948
5,27500,0,2,1,1902,64,0,1,23.66,17.92,3.967,8.16,55.347,0.206,20.592
6,43750,1,3,1,1923,85,0,0,22.91,15.65,0.484,5.69,53.118,0.64,17.86
1,34500,0,2,1,1897,70.9,0,0,17,19.6,1.41,1.65,59.875,0.981,9.362
2,58545,0,2,2,1992,58.7,0,0,15.47,21.97,11.561,8.98,57.957,0.531,8.162
6,30500,0,2,1,1916,67.1,0,0,19.55,19.28,0.541,1.36,59.515,0.655,14.495
5,22000,0,1,1,1900,70.7,0,1,20.91,15.25,0.324,2.69,55.755,0.585,8.37
5,25500,1,4,1,1982,53,0,0,20.02,16.74,2.006,5.73,55.699,0.504,8.681
6,12000,0,1,1,1951,43,0,0,24.75,11,0.555,7.12,60.11,0.774,29.481
5,24000,0,1,1,1967,67.3,0,0,23.55,10.6,0.934,10.12,54.09,0.487,31.35
5,28450,0,3,2,1974,55.4,0,0,30.03,6.71,1.49,8.05,55.74,0.762,25.403
3,29450,0,1,1,1947,56.7,0,0,20.28,22.48,0.883,5.07,59.388,0.386,30.922
5,38500,0,2,1,1986,59.7,0,1,25.62,14.42,0.831,10.21,58.948,0.367,21.395
1,18000,0,2,1,1893,60.7,0,0,18.58,14.17,0.863,10.29,52.579,0.324,28.922
1,17500,0,1,1,1977,29.5,0,0,19.64,17.15,0.227,0.29,56.916,0.941,18.41
6,22000,0,2,1,1899,77,0,1,22.82,17.54,1.574,4.73,52.866,0.849,9.825
1,34500,0,3,1,1891,141.7,0,0,19.38,15.37,1.399,12.29,58.224,0.074,25.781
1,27000,1,1,1,1975,44.2,0,0,21.82,17.46,1.042,7.46,59.748,0.34,27.153
1,27000,0,2,1,1946,90,0,1,20.58,15.37,1.649,12.29,53.274,0.556,29.942
1,23000,0,2,2,1898,81.1,0,0,20.33,18.62,2.89,9.84,52.609,0.722,28.831
1,24500,0,3,1,1931,71.3,0,0,19.56,21.27,0.673,10.52,59.377,0.65,38.299
1,22200,0,2,1,1903,66.7,0,0,18.88,18.94,0.879,1.98,52.873,0.289,24.371
1,17800,0,2,1,1895,70.5,0,0,20.98,15.37,0.888,15.29,53.644,0.371,22.253
1,26000,0,2,1,1919,66.7,0,1,20.73,17.82,3.284,8.84,59.67,0.377,25.425
1,19000,0,3,1,1909,79.5,0,1,18.4,18.95,0.778,1.3,56.638,0.758,15.193
1,21000,0,2,1,1907,88.9,0,1,20.04,16.35,0.023,4.29,53.649,0.852,14.059
1,18000,0,1,1,1901,80.5,0,1,19.53,16.62,3.255,3.84,52.704,0.556,20.494
1,37500,0,2,1,1941,64.2,0,0,21.96,20.07,0.66,7.52,51.776,0.477,32.389
1,25450,0,3,1,1897,94.9,0,0,17.93,18.22,2.681,6.84,52.22,0.531,18.552
1,17500,0,1,1,1907,73.1,0,0,18.98,15.77,1.077,16.29,52.081,0.17,14.907
1,18450,0,2,1,1903,78.9,0,1,18.58,16.57,0.937,11.29,54.031,0.343,21.717
1,24000,0,2,1,1897,83.4,0,1,20.64,15.11,0.679,13.25,59.528,0.293,27.865
1,24000,1,3,1,1895,99,0,1,21.78,16.97,1.408,10.29,53.044,0.11,19.34
1,22500,0,2,1,1915,84.4,0,0,19.53,16.62,3.292,7.84,51.902,0.556,12.201
1,21000,0,1,1,1913,88.6,0,0,19.13,17.42,3.114,7.84,55.842,0.746,18.333
1,27000,0,3,1,1883,84.5,0,0,22.73,14.88,1.369,8.19,60.906,0.554,18.422
1,21500,0,2,1,1910,68.9,0,0,20.33,18.22,3.177,5.84,61.4,0.78,28.463
5,23500,0,3,1,1967,83.1,0,0,19.69,18.15,0.626,4.08,60.8,0.58,21.551
5,52500,1,4,1,1970,85.9,0,0,19.29,18.95,0.5,7.08,61.213,0.599,23.057
5,26300,0,2,1,1895,89.5,0,0,22.49,16.95,0.674,3.08,56.902,0.847,16.373
5,22300,0,3,1,1963,104.5,0,0,21.82,16.98,0.474,5.86,57.348,0.675,12.942
5,26500,0,2,1,1917,107.2,0,1,22.09,15.35,0.474,5.08,55.706,0.503,19.433
6,35500,0,3,1,1913,134.3,0,1,21.64,14.36,0.588,5.69,59.686,0.831,27.333
2,33450,0,2,1,1957,102,0,1,18.53,22.98,4.661,6.2,61.735,0.859,21.228
6,23500,0,3,1,1905,111,0,1,23.24,13.96,0.783,1.69,51.961,1.018,30.238
3,38500,0,1,1,1989,85.9,0,1,22.17,13.61,1.909,5.54,58.14,0.507,13.634
6,30450,1,2,1,1990,63.2,0,0,24.74,13.83,0.75,5.75,53.02,0.681,20.992
5,43500,0,2,1,1993,58.2,0,0,26.43,6.71,1.741,4.05,52.755,1.088,15.937
6,27450,0,1,1,1888,81.1,0,1,17.73,19.32,1.269,1.82,59.008,0.764,11.462
6,34450,0,3,2,1929,116,0,1,19.73,20.52,1.251,1.82,60.635,0.459,13.675
6,24450,0,2,1,1909,76.5,0,0,23.39,16.25,0.415,5,53.236,0.611,33.627
5,25450,0,2,1,1901,66.9,0,0,20.93,17.72,0.941,9.82,54.968,0.534,25.411
1,39450,0,2,1,1893,111.1,0,1,23.29,13.31,0.516,8.38,56.866,0.782,26.934
4,27000,0,1,1,1907,65.1,0,0,18.26,15.46,1.972,7.43,57.079,0.466,8.659
4,22500,0,1,1,1909,67.4,0,0,20.85,18.79,5.804,6.14,57.951,0.298,10.043
4,23000,0,1,2,1903,76.4,0,1,18.66,15.86,1.839,6.43,52.962,0.589,26.507
4,28250,0,3,1,1972,83.3,0,1,20.61,18.54,0.631,8.64,59.368,0.567,25.138
4,34500,0,3,2,1893,143.5,0,1,20.63,14.08,0.163,4.49,60.129,0.407,29.787
5,21500,0,2,1,1929,108.5,0,1,22.09,16.15,0.311,3.08,52.124,0.818,26.37
5,28500,0,2,2,1913,98.5,0,1,20.86,14.32,3.357,6.16,53.084,0.607,22.954
6,39450,0,3,2,1970,105,0,1,29.63,5.91,2.011,9.05,56.689,0.799,17.409
5,28450,0,2,2,1969,70.4,0,0,25.55,11.4,0.9,6.12,57.112,0.858,28.415
5,37500,0,3,1,1968,89.3,0,1,28.83,9.11,1.639,4.05,61.232,1.092,23.023
6,38450,0,3,1,1979,52.5,0,1,30.03,5.91,1.397,6.05,56.278,0.904,32.08
1,28450,0,2,1,1909,73.4,0,0,19.93,15.02,3.03,4.84,58.461,0.546,25.617
6,27500,0,2,1,1982,67.2,0,0,27.86,7.92,0.768,3.25,52.889,0.872,25.521
6,32450,1,2,1,1973,75.4,0,0,25.06,11.52,1.203,9.25,59.243,1.061,31.024
5,20750,0,1,2,1961,58.5,0,0,25.55,12.2,1.048,2.12,57.794,0.524,38.418
6,29500,0,2,1,1963,67.5,0,0,29.23,9.11,1.86,1.05,57.803,0.906,22.39
6,14150,0,1,1,1974,61.3,0,0,24.75,11,0.342,6.12,54.725,0.766,39.06
3,89500,1,6,1,1958,220.3,0,0,19.49,23.29,1.865,6.53,59.439,0.734,18.981
3,64500,1,3,1,1934,104,0,0,17.82,23.26,0.335,6.47,59.582,0.858,23.018
3,34000,0,3,1,1972,102.7,0,1,24.22,15.59,0.87,8.26,54.118,0.497,19.111
5,36000,0,3,1,1911,160,0,1,18.35,19.68,0.661,4.36,58.097,0.903,23.522
5,25000,1,3,1,1878,109.2,0,1,19.42,16.58,0.147,4.86,59.665,0.751,11.521
3,43000,0,1,1,1998,57.3,0,0,14.86,22.15,1.385,0.07,57.837,0.898,18.34
2,136500,1,5,2,1909,267.7,0,1,15.77,18.62,5.639,0.52,56.138,0.925,17.515
6,35000,0,1,1,1928,92.8,0,1,19.02,19.78,0.081,2.86,60.174,0.723,13.319
2,69500,0,4,1,1905,133,0,0,20.43,19.24,4.407,2.57,53.04,1.215,14.051
6,20250,0,3,1,1915,84.9,0,1,19.82,19.38,0.843,9.86,56.031,0.549,22.217
6,26500,0,2,1,1964,90.5,0,1,24.75,10.6,0.397,6.12,52.689,0.65,27.985
5,31350,0,2,2,1917,69.2,0,1,19.32,18.86,1.272,0,54.4,1.153,11.816
5,21000,0,3,1,1923,77.3,0,0,28.37,12.12,0.985,9.36,51.89,0.646,33.245
6,34500,0,1,2,1902,71.3,0,1,22.06,16.32,3.457,6.16,52.357,0.243,24.03
6,35000,0,3,1,1980,58.4,0,1,22.82,18.34,1.551,5.73,60.214,0.886,18.335
5,31500,0,2,1,1978,57.1,0,0,21.14,14.63,1.073,2.75,60.237,0.506,14.361
6,47450,0,4,1,1907,134.7,0,1,26.35,12.6,0.657,3.12,60.561,0.313,28.834
5,21500,0,2,1,1959,51.1,0,0,21.79,17.05,0.333,5,55.16,0.529,33.149
3,36250,1,2,1,1942,80.4,0,0,17.76,19.16,1.135,2.81,60.555,0.462,26.679
3,62000,1,2,1,1903,155,0,1,22.64,20.21,0.366,2.37,56.19,1.238,8.697
3,74500,1,3,1,1961,114.2,1,0,22.3,16.22,0.421,8.93,52.047,0.788,9.277
3,22500,1,2,1,1887,70.8,0,0,25.09,16.32,1.604,13.92,61.531,0.15,25.727
3,73500,1,3,1,1934,133.7,0,0,22.01,21.66,2.338,1.54,58.827,0.963,3.321
3,19500,0,4,1,1996,79.2,0,0,20.01,19.66,1.983,4.54,58.664,0.612,5.818
3,31000,1,2,1,1905,86.5,0,0,14.46,21.35,1.272,0.07,54.93,0.44,13.7
2,50000,1,3,1,1980,82.1,0,0,15.73,22.58,4.55,4.2,54.491,0.957,20.319
3,39500,1,2,1,1932,72.9,0,0,21.9,17.42,0.967,3.93,51.775,0.395,15.302
2,124500,0,4,1,1909,215.2,0,1,15.37,17.42,5.203,5.52,52.007,0.745,6.621
2,29500,0,2,1,1984,66.2,0,0,23.35,16.2,2.891,0.34,60.529,1.065,19.954
2,29500,1,3,2,1970,91.6,0,1,24.85,15.37,1.578,6.26,51.928,0.861,18.199
1,49500,1,2,1,1974,88.1,0,0,21.82,15.06,0.721,4.46,61.272,0.874,27.757
2,63000,1,3,1,1971,108.6,0,0,21.65,15.37,0.905,11.26,54.434,0.655,5.973
3,52500,0,3,1,1907,114.5,0,1,14.46,21.35,1.097,0.07,57.403,0.998,14.35
1,31000,0,2,1,1903,92.8,0,1,21.24,16.75,0.534,2.29,52.583,0.554,11.375
1,31000,0,2,1,1913,90.8,0,1,20.04,17.55,0.14,6.29,60.031,0.819,24.409
2,29000,0,2,1,1929,90.4,0,0,18.59,19.23,0.563,6.75,57.953,0.756,7.947
1,19500,0,2,1,1929,90.3,0,0,19.64,18.75,0.41,1.29,60.742,1.052,10.218
1,43500,0,2,1,1905,111.4,0,1,18.94,16.81,0.313,6.87,60.711,1.028,19.548
3,36000,0,2,1,1915,81.4,0,1,17.91,21.38,0.807,10.87,53.599,0.496,13.974
5,47500,1,2,1,1969,87.8,0,0,27.23,7.51,2.044,6.05,57.093,0.727,31.856
2,85500,1,3,1,1928,134.5,0,0,19.23,21.64,4.401,4.57,61.111,0.783,4.82
2,62500,1,3,1,1969,115.3,0,0,21.35,14.2,2.773,1.34,61.141,0.988,11.19
2,46500,1,3,1,1944,98.1,0,0,16.53,23.78,4.431,3.2,56.962,0.776,12.967
2,46000,0,2,1,1889,78,0,1,16.93,23.38,4.631,2.2,54.878,0.91,19.017
3,59450,1,4,1,1964,118.3,1,0,17.36,20.03,0.346,3.74,56.578,0.928,9.764
2,69500,0,4,1,1963,115.2,1,0,20.95,16.2,3.071,6.34,51.834,1.252,8.913
3,25500,0,2,1,1895,85.7,0,0,17.88,21.28,0.538,9.07,54.322,0.537,32.858
3,82500,1,3,2,1947,158.2,0,0,18.62,26.86,0.267,4.47,56.607,0.84,18.311
3,35500,0,2,1,1980,67.8,0,0,22.17,16.81,1.837,8.54,57.429,0.553,19.389
3,65500,1,3,1,1934,125.3,0,0,19.84,19.81,0.805,2.37,54.968,1.045,11.832
2,31500,0,5,1,1971,121.1,0,1,23.69,13.51,0.142,10.19,58.177,0.391,21.48
5,59450,1,3,1,1991,86.2,1,0,19.61,16.19,0.579,5.18,57.378,0.881,22.061
5,57500,1,2,1,1936,119.4,0,0,18.18,18.49,0.636,7.96,60.689,0.88,9.252
1,54500,0,4,1,1905,127.7,0,0,18.6,22,1.504,5.65,54.155,1,8.021
1,24000,0,3,1,1909,85,0,1,19.78,14.97,1.501,12.29,55.074,0.365,18.718
1,22300,0,3,1,1905,86.4,0,0,20.33,16.22,2.969,7.84,59.792,0.377,22.603
1,28450,0,2,2,1915,82.3,0,0,19.39,18.72,0.437,6.11,53.629,0.431,30.903
1,48500,1,3,1,1966,125.6,0,0,19.42,15.86,0.502,7.46,52.802,0.555,28.983
1,27500,0,2,1,1905,78.2,0,0,26.48,16.81,1.622,8.4,58.357,0.451,21.103
1,33500,0,3,1,1905,125,0,1,23.13,15.68,1.377,7.19,54.654,0.774,10.49
1,27000,0,2,1,1905,91.9,0,0,19.38,14.57,0.97,11.29,59.125,0.504,27.701
1,24000,0,3,1,1915,89.5,0,0,19.13,18.62,3.337,5.84,54.596,0.417,18.454
1,19450,0,1,1,1992,20.1,0,0,21.69,14.51,0.39,10.38,57.234,0.471,31.592
1,18500,0,1,1,1978,38.1,0,0,21.29,13.71,0.615,8.38,60.457,0.332,31.409
1,21250,0,2,1,1901,88.6,0,0,19.53,17.02,2.699,3.84,56.338,0.534,13.334
1,45500,0,3,1,1936,91.3,0,0,19.93,16.48,1.264,6.19,61.081,0.504,13.696
1,20000,0,2,1,1912,78.5,0,0,19.13,17.42,3.384,8.84,52.342,0.305,29.033
1,27500,0,2,1,1884,119.5,0,1,26.48,16.01,1.633,10.4,58.258,0.033,16.139
1,19450,0,3,1,1917,82.4,0,0,19.16,19.27,0.674,13.52,52.48,0.286,20.24
1,23500,0,3,1,1913,77.2,0,0,24.08,15.61,2.385,11.4,59.032,0.619,13.246
1,25200,0,3,1,1911,85.7,0,0,22.73,14.08,1.008,8.19,57.695,0.764,20.734
1,26500,0,1,1,1973,41.1,0,0,22.09,15.71,0,11.38,57.337,0.61,30.014
1,36500,0,3,2,1938,94.5,0,0,21.84,17.91,0.342,12.25,60.306,0.06,22.42
1,23500,0,1,1,1909,88,0,0,19.13,18.22,3.019,6.84,60.102,0.397,29.821
1,20000,0,1,1,1901,71.7,0,0,18.73,17.82,2.766,5.84,57.199,0.454,14.263
1,15500,0,2,1,1909,83.8,0,0,21.38,16.97,1.643,12.29,59.455,0.195,21.679
1,23500,0,2,2,1907,82.7,0,0,23.68,16.81,1.828,11.4,61.597,0.359,26.01
1,25500,0,3,1,1913,89.9,0,0,19.68,20.54,0.961,3.98,58.152,0.351,30.528
1,19000,0,2,1,1905,88.6,0,0,20.58,16.57,1.015,14.29,61.023,0.373,23.968
1,38500,0,2,2,1983,53.2,0,0,20.21,21.11,0.344,9.08,58.289,0.462,20.224
1,26450,0,2,2,1911,86.4,0,0,21.53,14.08,1.031,6.19,52.726,0.34,15.421
1,48000,1,3,1,1961,75.5,0,0,22.62,17.46,0.665,7.46,58.168,0.801,24.593
1,23500,0,3,1,1941,87.4,0,0,18.48,19.34,0.259,0.98,61.354,0.828,25.665
1,31000,1,2,1,1946,75.1,0,0,18.48,20.54,0.481,7.98,61.642,0.626,26.815
1,28500,0,1,2,1979,51.5,0,0,19.68,19.74,0.351,1.98,58.734,0.269,24.081
1,23000,0,2,1,1901,78.9,0,1,19.93,17.42,3.06,2.84,60.765,0.775,21.117
1,18500,0,2,1,1899,71.9,0,0,19.93,17.82,2.9,8.84,57.67,0.658,12.47
1,24500,0,2,2,1907,74.2,0,0,20.98,16.97,1.143,14.29,57.248,0.466,22.632
1,17500,0,2,1,1905,77.4,0,0,21.53,14.08,1.096,4.19,53.193,0.327,26.141
1,34500,0,3,1,1952,92.1,0,1,18.98,14.97,1.394,14.29,58.396,0.539,28.113
1,27000,0,2,1,1913,105.4,0,0,20.73,15.82,2.974,10.84,52.99,0.692,21.289
1,19500,0,2,1,1917,87.3,0,0,21.13,16.48,0.733,5.19,61.524,0.339,25.759
1,23000,0,2,1,1905,78.2,0,1,22.73,15.28,0.871,12.19,60.931,0.222,10.999
1,42000,1,3,1,1919,106.9,0,1,17.79,17.92,1.085,10.11,56.795,0.848,32.109
6,29450,0,3,1,1907,111.5,0,1,19.73,17.72,1.003,8.82,56.246,0.551,20.311
5,23500,0,3,1,1893,97,0,1,22.84,13.96,1.215,7.69,56.681,0.772,26.914
5,17000,0,3,1,1905,92.2,0,1,20.44,15.96,0.595,9.69,55.009,0.431,16.176
5,30500,0,2,1,1903,124.6,0,1,23.24,14.76,1.262,7.69,54.153,0.555,17.199
5,27000,0,3,1,1909,103.2,0,1,21.29,17.35,0.721,2.08,60.694,0.766,18.237
6,16450,0,1,1,1873,57.4,0,1,20.89,16.15,0.725,8.08,55.232,0.97,16.085
5,17500,0,2,1,1954,76.2,0,1,20.44,13.96,0.984,2.69,53.002,0.969,23.491
2,37000,0,3,1,1945,104.1,0,0,27.93,13.95,1.683,13.62,54.052,0.489,6.635
2,42500,0,2,1,1960,83.2,0,0,19.42,17.21,1.218,3.83,57.117,1.124,13.182
1,24500,0,1,1,1909,66,0,0,20.73,18.62,2.723,3.84,56.798,0.807,22.135
2,55500,1,3,1,1973,102.3,0,0,21.35,16.6,2.544,3.34,58.856,1.27,20.039
2,40500,0,2,1,1897,71.6,0,0,12.7,23.79,3.319,10.42,56.839,0.558,13.353
2,23500,1,1,1,1962,58.5,0,0,20.5,17.84,1.188,12.28,56.144,0.408,14.848
2,40000,0,2,1,1989,53.8,0,1,12.3,25.79,3.982,11.42,56.602,0.642,2.292
2,80500,1,3,1,1972,119.7,1,0,24.45,14.57,1.344,4.26,60.509,0.38,20.809
2,22000,0,2,1,1931,67.4,0,0,23.35,17.3,1.43,8.98,58.944,0.04,20.556
6,83000,1,4,2,1988,125.8,1,0,27.23,5.51,1.615,4.05,59.776,1.131,14.791
2,68500,1,3,1,1965,104.6,0,0,19.23,20.44,3.956,2.57,54.222,0.887,10.746
2,59500,0,3,1,1999,185,0,1,15.1,23.39,3.565,5.42,58.355,0.299,20.091
1,19500,0,3,1,1907,78.8,0,1,21.2,20.55,0.782,5.3,57.429,0.959,17.996
6,34450,0,4,1,1915,112,0,1,20.93,18.12,0.768,9.82,60.735,0.699,15.766
6,54000,0,3,1,1929,149.6,0,0,17.72,16.46,1.426,5.89,52.926,1.095,11.624
5,23000,0,2,1,1890,75.4,0,0,22.79,17.15,-0.051,11.06,53.443,0.15,21.751
5,60000,1,3,1,1959,137.4,0,0,22.45,19.5,0.271,8.21,55.668,0.769,16.911
5,51000,1,3,1,1928,97.1,0,0,20.45,20.7,0.623,3.21,58.734,0.661,25.363
5,68500,1,5,2,1998,185.5,1,0,21.79,17.05,0.536,4,60.793,0.206,36.023
5,31250,0,2,1,1955,70,0,1,22.24,15.27,0.167,10.94,53.432,0.726,26.563
4,51450,0,2,1,1938,78.8,0,0,19.89,14.35,1.789,0,60.538,1.326,20.501
5,35550,0,3,1,1958,98.3,0,0,22.82,14.42,0.34,8.21,53.972,0.233,34.259
6,61450,1,2,1,1989,99.5,0,0,21.66,15.12,3.811,7.16,58.716,0.245,18.749
5,34500,1,3,1,1966,90.3,0,0,22.59,17.45,0.62,4,60.214,0.58,33.045
6,37500,0,2,1,1905,119.2,0,1,18.53,17.72,0.726,3.82,58.301,0.914,11.701
4,97500,1,4,2,1938,129.1,0,0,18.69,16.75,1.957,3.19,60.695,1.166,17.547
6,26000,0,2,1,1929,89.6,0,0,21.33,17.72,1.327,5.82,58.973,0.528,17.459
6,47000,1,3,1,1911,124.8,0,1,21.33,17.72,1.364,7.82,54.003,0.595,18.012
5,26500,0,2,2,1897,66.8,0,1,20.53,18.12,0.714,7.82,52.252,0.889,15.577
6,51450,1,3,1,1967,100.3,0,0,24.24,18.47,0.13,9.94,60.951,0.561,31.879
6,56500,1,3,2,1925,203.6,0,1,18.53,19.32,0.714,3.82,53.877,0.945,18.898
6,29400,1,1,1,1983,59.8,0,0,21.54,14.63,0.608,2.75,58.24,0.428,22.538
6,25500,0,2,1,1909,71.2,0,1,21.66,17.52,4.099,10.16,53.068,0.185,19.455
5,28500,0,1,1,1972,62,0,0,20.86,17.52,3.911,9.16,53.292,0.212,14.44
4,30500,0,3,1,1911,98.5,0,1,20.98,18.8,0.698,8.59,52.408,0.508,6.369
5,30500,0,3,1,1973,94.6,0,0,23.54,14.23,0.785,4.75,58.017,0.49,26.856
6,29450,0,2,1,1901,71.1,0,0,18.75,21.28,0.877,5.36,56.702,0.476,29.314
6,35200,1,2,1,1988,64.6,0,0,24.06,17.52,4.026,7.16,53.585,0.401,11.021
6,25450,0,1,1,1963,53.9,0,0,24.06,8.9,0.111,9.38,53.017,0.684,39.668
5,21450,0,1,1,1928,37.1,0,1,21.65,19.1,0.079,6.21,54.142,0.767,8.24
6,39000,0,3,2,1985,105.6,0,1,22.91,17.25,0.392,6.69,54.764,0.824,16.886
5,47000,1,1,1,1955,89,0,0,16.1,17.9,0.928,0,52.45,0.784,25.551
5,24600,0,2,1,1963,104.5,0,0,21.64,15.16,0.858,4.69,57.473,0.945,20.897
6,25500,0,2,1,1953,107.1,0,0,20.44,15.16,1.121,5.69,60.484,0.452,15.682
4,39000,0,4,1,1972,101.7,0,1,21.32,16.76,1.274,6.09,60.146,0.75,28.406
1,22500,0,3,2,1913,88,0,0,17.93,18.22,3.304,9.84,52.976,0.471,15.576
4,28500,0,2,1,1921,77,0,0,22.17,16.95,2.316,14.01,61.275,0.693,18.07
4,65500,1,2,1,1954,86.2,0,0,24.3,19.71,1.229,9.89,55.569,0.488,14.31
6,55450,1,3,1,1974,86.5,0,0,19.29,18.95,0.464,8.08,52.721,0.531,20.374
6,58450,1,5,1,1947,126.6,0,0,21.25,19.9,0.088,8.21,58.806,0.185,21.418
4,28500,0,1,2,1960,86.6,0,0,21.41,19.74,1.14,8.64,55.823,0.619,19.749
5,11000,0,1,1,1953,59.4,0,0,24.75,12.6,0.275,5.12,52.423,0.321,19.461
6,52500,1,4,1,1971,112.6,0,0,27.97,11.32,1.136,3.36,59.259,0.774,24.318
6,41500,0,1,1,1936,45.2,0,0,17.3,17.9,0.943,4.06,60.215,1.163,20.495
5,47500,1,4,1,1990,107.9,0,0,26.66,11.52,0.541,4.25,59.713,1.052,29.176
5,14150,0,1,1,1978,59.3,0,0,25.95,13.8,0.452,10.12,54.007,0.331,29.321
6,13500,0,1,1,1966,67.3,0,0,25.15,12.2,0.297,10.12,53.68,0.502,38.992
6,87500,0,4,1,1988,167.9,1,0,27.23,7.11,1.812,3.05,56.908,1.13,20.877
5,46000,0,4,1,1985,68.6,0,0,28.83,8.71,2.059,4.05,54.401,1.017,30.32
5,38500,0,2,1,1989,63,0,0,27.63,6.31,1.671,7.05,61.141,0.853,17.393
5,41500,1,2,1,1983,86,0,1,27.17,10.52,1.195,6.36,52.341,0.753,25.06
5,50500,1,3,1,1981,112.6,0,0,26.83,8.71,1.466,7.05,60.808,1.267,24.3
6,37500,1,2,1,1974,65.4,0,1,23.95,11.4,0.604,8.12,58.116,0.529,35.249
5,23500,0,2,1,1946,89.8,0,0,20.84,15.16,0.87,4.69,52.389,0.844,16.308
6,24500,0,2,1,1896,106.7,0,1,24.04,14.36,1.144,7.69,57.811,0.513,22.18
6,40500,1,2,1,1984,63.7,0,0,30.03,7.91,1.806,0.05,61.562,0.788,27.24
5,38000,0,2,1,1968,85.7,0,1,27.17,10.92,0.661,3.36,56.63,0.796,29.536
5,55500,1,4,1,1972,86.8,1,0,28.37,9.72,0.804,4.36,52.143,0.624,19.227
5,45500,1,3,1,1983,90.7,1,0,28.83,7.51,2.06,2.05,58.069,1.008,27.77
5,72500,1,4,1,1987,111.6,1,0,29.63,9.11,1.761,8.05,58.719,0.711,25.906
6,28000,0,2,1,1981,72.1,0,0,27.63,6.31,1.559,5.05,56.888,0.919,28.897
6,33500,0,3,1,1980,102.7,0,1,23.95,13.4,0.995,9.12,58.498,0.746,32.108
6,12000,0,1,2,1977,52.4,0,0,27.17,9.32,0.609,1.36,57.828,0.99,21.037
5,38000,1,2,2,1960,106.8,0,0,25.55,13,0.814,2.12,59.425,0.703,22.035
6,21000,0,1,1,1968,60.3,0,0,25.15,12.2,0.387,10.12,60.193,0.786,20.972
6,54500,1,4,1,1962,109,0,0,23.95,10.2,0.53,2.12,58.803,0.729,38.397
3,56000,0,2,1,1939,102.3,0,0,17.02,25.26,0.776,1.47,56.044,0.77,17.539
3,28500,0,2,1,1909,101.5,0,0,17.42,23.26,0.558,1.47,53.587,0.947,17.492
4,42500,0,3,1,1960,124.5,0,0,22.97,16.55,2.502,7.01,61.504,0.348,17.873
3,71500,1,3,1,1972,120.9,1,0,21.92,15.68,1.251,4.76,58.728,1.461,12.142
3,43500,0,3,1,1903,119,0,0,20.41,18.46,2.288,7.54,59.967,0.983,8.351
2,35500,1,2,1,1958,93.4,0,0,19.06,23.4,6.106,1.97,56.939,0.526,7.104
3,37100,0,3,2,1989,64.7,0,1,18.16,19.56,0.65,1.81,53.24,0.589,19.107
1,27450,0,2,1,1901,81.9,0,0,23.28,16.01,1.855,9.4,54.641,0.44,31.682
5,29450,0,1,1,1893,62.4,0,1,24.06,17.12,3.635,9.16,59.025,0.719,18.079
6,81500,1,4,1,1931,140,0,0,18.5,18.3,0.547,3.06,57.326,0.861,20.211
6,44500,1,2,1,1973,108.6,0,0,22.04,17.16,1.19,1.69,54.117,0.657,19.364
6,41500,1,2,1,1905,141,0,0,20.16,14.6,6.845,6.45,57.336,0.412,6.849
6,23000,1,3,1,1966,118.4,0,0,26.75,13.8,0.451,11.12,53.599,0.555,33.347
5,41500,0,1,2,1901,102.2,0,1,17.32,19.26,1.483,4.89,55.277,0.805,11.22
2,114500,1,4,2,1879,200.1,0,0,20.95,15,2.921,0,52.164,1.273,10.588
3,154500,1,3,1,1988,156.5,1,0,17.82,23.26,0.843,4.47,52.851,0.816,7.086
1,72000,1,4,2,1998,110.8,1,0,20.08,19.34,0.415,2.98,52.29,0.334,25.93
5,59450,1,2,2,2000,100,1,0,25.15,13.8,0.535,3.12,54.697,0.413,24.506
3,62000,1,3,2,2000,104.1,1,0,22.17,15.61,1.483,4.54,53.123,0.884,21.993
1,84500,1,3,1,1970,141.9,1,0,18.14,18.41,0.83,2.87,54.388,0.709,6.293
2,48500,1,1,1,1980,74.8,0,0,20.15,15,2.977,6.34,56.399,1.049,6.584
6,67450,1,3,1,1939,149.6,0,0,16.9,17.1,0.536,3.06,57.407,0.987,22.616
5,18000,0,1,1,1915,72.6,0,0,19.33,18.92,1.407,6.82,58.632,0.421,12.786
6,49500,1,4,1,1965,135.1,0,0,22.04,15.16,1.097,3.69,55.048,0.878,19.929
5,18250,0,3,1,1903,61,0,1,17.95,19.28,0.814,5.36,58.392,0.438,19.971
1,18000,0,1,1,1907,77.2,0,0,26.08,18.41,1.799,8.4,53.888,0.596,21.803
6,64500,1,2,1,1933,95,0,0,25.57,11.72,1.332,6.36,56.25,0.573,16.168
6,71300,1,4,1,1943,135.5,0,0,16.52,18.06,1.309,2.89,58.508,0.997,6.064
4,52500,0,4,1,1943,141.8,0,0,22.89,16.64,0.706,9.3,55.899,0.723,31.459
6,19495,0,2,1,1959,75.3,0,0,25.26,8.1,0.615,14.38,57.85,0.531,30.686
6,48500,0,2,1,1921,158.2,0,1,20.86,15.12,3.771,8.16,60.136,0.671,26.165
3,87500,1,5,1,1963,166.4,0,0,18.29,20.49,1.44,6.53,53.97,0.505,13.447
6,32500,0,4,1,1901,104.1,0,0,19.72,19.26,1.185,3.89,53.879,1.126,8.073
5,22500,0,2,1,1913,30,0,0,20.82,15.94,1.717,7.73,60.758,0.799,9.85
6,57500,1,2,1,1934,85.2,0,0,26.37,10.92,1.348,2.36,53.543,0.793,27.488
5,30500,0,3,1,1913,67.3,0,1,20.46,16.72,3.411,9.16,54.376,0.201,28.559
6,42000,0,3,1,1944,93.4,0,0,18.12,17.26,1.461,3.89,59.929,1.009,18.069
5,81500,1,4,1,1989,120.2,1,0,22.41,17.39,0.258,5.18,60.419,0.947,16.96
5,33000,0,3,1,1957,101.2,0,0,24.79,15.15,0.695,10.06,54.994,0.4,29.198
1,87000,1,3,1,1985,144.5,1,0,18.84,16.35,-0.057,1.29,56.296,1.076,21.289
3,28500,1,1,1,1911,79,0,0,19.21,21.66,2.473,5.54,55.478,0.533,11.82
3,34500,1,3,1,1926,93.9,0,0,19.9,18.22,0.811,1.93,60.058,0.442,15.363
3,49500,0,2,1,1950,83.3,0,0,18.22,24.86,0.836,4.47,61.491,0.845,16.673
2,66000,1,2,1,1915,102.5,0,0,18.83,19.64,4.516,2.57,54.274,1.312,14.534
3,71500,1,4,1,1962,109.4,0,0,17.02,26.86,0.23,2.47,57.874,0.647,6.923
2,26500,0,2,1,1975,54.3,0,1,21.78,23.51,0.882,12.99,60.932,0.476,26.4
3,32000,0,2,1,1977,71.4,0,1,20.17,14.01,1.682,4.54,57.071,0.474,13.14
6,48000,1,2,1,1938,80.6,0,0,19.7,19.9,0.272,3.06,54.937,0.788,10.414
1,21000,0,2,1,1907,73.2,0,0,20.18,15.37,1.324,10.29,55.223,0.5,14.854
3,69000,1,3,1,1980,123.5,0,0,22.98,12.81,0.636,3.31,53.262,0.582,29.816
3,124500,1,5,2,1944,219.5,1,0,21.86,23.24,0.743,3.47,52.998,0.954,21.578
2,24505,0,2,1,1957,64.8,0,0,22.1,17.04,1.246,3.28,52.595,0.303,14.007
5,41500,1,2,2,1979,70.8,0,0,27.17,11.72,0.771,4.36,61.434,0.681,32.306
2,41250,0,3,1,1981,108.8,0,1,16.93,24.98,4.713,0,53.41,0.548,6.187
3,56500,1,3,1,1983,107.6,0,0,24.98,10.01,0.55,7.31,60.633,0.419,28.089
3,56500,0,3,1,1945,91.7,0,0,14.46,23.35,1.029,2.07,51.882,0.521,23.211
2,52500,0,3,1,1934,107.3,0,0,18.62,17.21,1.381,0.83,55.258,1.168,9.186
2,87500,1,3,1,1927,131.6,0,0,16.97,17.82,5.205,1.52,58.053,0.59,6.016
6,29450,1,3,1,1969,110.7,0,1,20.99,17.45,0.358,6,59.254,0.494,32.365
2,41500,0,3,1,1977,85.3,0,1,20.95,17,2.853,5.34,60.179,1.217,11.648
3,69450,1,3,1,1982,127.1,1,0,22.58,9.61,0.366,0.31,59.818,0.403,24.244
5,31250,0,3,1,1963,122.9,0,0,23.95,13,0.511,2.12,55.439,0.511,24.045
1,21000,0,1,1,1897,89.5,0,0,24.09,16.11,0.13,4.38,53.39,0.322,28.082
1,20500,0,2,1,1913,63.8,0,0,19.93,15.02,3.396,3.84,57.884,0.245,16.525
1,39000,0,3,1,1936,75.9,0,0,21.56,21.67,0.285,11.52,61.536,0.569,35.587
1,35000,0,2,1,1976,60,0,0,18.58,16.17,1.457,11.29,58.078,0.152,15.237
1,19450,0,3,1,1905,75,0,0,21.78,16.97,1.197,9.29,58.951,0.298,20.577
2,36500,0,3,1,1907,135.7,0,1,21.23,14.79,1.049,6.81,61.73,0.972,12.972
1,18500,0,2,2,1945,69.8,0,0,20.76,20.87,0.222,8.52,54.483,0.533,28.639
1,26450,0,2,1,1930,81.3,0,1,20.73,17.28,1.293,3.19,59.115,0.547,12.866
1,53500,1,2,1,1962,118.5,0,0,22.49,14.11,0.408,10.38,53.99,0.557,28.619
1,27500,0,2,2,1897,84,0,1,20.08,20.14,0.982,1.98,60.765,0.229,22.785
1,22800,0,2,2,1905,77.3,0,0,23.53,14.88,1.03,5.19,55.112,0.402,23.432
1,22000,0,3,1,1917,81.7,0,1,18.98,16.17,1.434,14.29,56.923,0.407,23.475
1,22500,0,3,2,1917,81.8,0,1,20.73,16.48,0.736,9.19,59.467,0.25,26.985
4,39500,0,3,1,1962,99.8,0,0,20.98,20.8,0.873,0.59,58.4,0.435,24.261
1,27500,0,1,1,1901,108.7,0,0,26.08,17.61,1.718,12.4,56.228,0.099,15.931
1,25000,0,3,1,1907,89.4,0,1,26.08,18.01,2.369,10.4,54.809,0.208,25.881
2,42500,0,3,1,1986,79.7,0,1,23.3,19.44,1.135,4.28,59.308,0.353,19.308
1,20500,0,2,1,1914,77.6,0,1,18.73,15.02,3.344,3.84,61.408,0.661,20.801
1,24250,0,3,1,1901,82.2,0,1,18.98,15.77,1.637,13.29,54.537,0.306,13.336
1,28500,0,2,1,1936,125.4,0,0,17.4,22,1.44,0,60.444,1.066,14.255
1,30500,0,1,1,1978,74,0,1,22.88,16.81,1.665,8.4,61.388,0.549,13.199
1,28000,0,3,1,1947,90.9,0,0,22.89,16.91,0.399,2.38,51.968,0.396,30.212
6,29500,0,3,1,1903,107.2,0,1,21.94,13.43,0.403,6.75,59.415,0.689,12.477
2,79000,1,4,1,1931,143.1,0,0,23.75,16.6,2.744,0.34,60.552,0.817,19.785
1,51500,0,3,1,1891,86.6,0,1,22.49,15.71,0.062,2.38,56.307,0.344,23.645
5,71500,0,3,1,1987,107.7,1,0,28.03,7.91,1.646,5.05,60.33,0.743,24.102
6,46950,0,2,1,1983,89.6,0,0,20.99,17.85,0.421,4,56.693,0.153,17.361
6,33000,0,2,1,1901,114.2,0,1,19.72,16.06,1.132,1.89,54.222,0.891,4.376
5,109500,1,2,1,1984,147.7,1,0,22.02,17.54,2.036,7.73,52.017,0.426,11.791
5,25000,0,2,1,1913,81.6,0,1,23.99,17.15,0.113,7.06,58.15,0.418,22.629
5,44500,1,2,2,1979,56.6,0,1,23.66,17.12,3.426,14.16,53.373,0.252,25.631
6,48500,1,3,1,1923,81.5,0,0,19.3,17.5,0.209,0.06,60.303,0.667,12.667
2,43500,0,2,1,1974,62.5,0,0,22.9,20.64,1.432,11.28,59.335,0.561,20.617
6,31500,0,2,1,1958,92.8,0,0,27.26,10.1,0.549,15.38,57.381,0.641,40.272
5,32500,0,3,1,1959,92.8,0,0,24.51,17.25,0.7,9.69,59.645,0.849,13.359
3,75500,1,3,1,1937,144.1,0,0,20.66,23.24,1.045,1.47,54.905,0.471,21.48
4,51500,0,3,1,1979,68.3,0,0,20.12,18.36,1.491,3.09,59.6,0.93,13.122
6,57500,0,3,2,1960,109.3,0,0,22.41,17.39,0.333,1.18,59.818,0.581,27.406
5,20500,0,2,1,1982,81.6,0,1,27.57,8.52,0.895,7.36,51.835,1.059,29.939
5,78500,0,3,2,1981,113.1,1,0,27.23,6.71,1.653,8.05,57.84,0.774,19.342
6,26450,0,3,1,1985,53.9,0,0,28.03,6.71,1.856,1.05,58.927,0.966,20.539
6,25000,0,2,1,1961,98.2,0,0,23.55,12.6,0.39,5.12,60.81,0.464,28.323
5,39500,1,4,1,1989,54.2,1,0,28.03,5.91,1.799,2.05,58.919,0.718,23.264
6,17500,0,3,1,1991,36,0,0,29.63,6.31,1.353,8.05,54.205,0.988,31.514
6,47500,0,3,1,1968,88.6,0,1,25.86,11.52,0.876,4.25,54.711,1.041,34.466
6,59500,1,2,1,1968,102.9,0,0,25.97,10.52,1.112,8.36,59.974,0.975,22.122
6,28450,0,3,1,1958,93.9,0,0,23.15,12.2,0.678,4.12,59.078,0.525,36.356
5,28500,0,3,1,1945,83.8,0,0,25.46,10.72,0.52,4.25,61.656,0.675,22.121
3,32000,0,2,2,1888,74.6,0,0,17.42,26.46,0.168,4.47,56.055,1.023,12.334
6,29450,1,1,1,1903,66.3,1,0,23.22,16.82,0.251,12.21,58.376,0.575,19.003
6,22500,0,3,1,1950,84.8,0,0,24.46,8.5,0.19,17.38,53.682,0.455,31.173
5,38500,1,3,1,1970,100.3,0,0,23.54,15.83,0.992,7.75,54.227,0.46,20.358
6,24500,0,1,1,1919,72.6,0,1,18.93,19.72,1.105,8.82,53.723,0.473,24.386
4,56000,0,4,1,1962,104.6,0,0,26.64,12.01,0.28,5.79,61.047,0.452,30.526
3,46000,1,3,1,1960,97.6,0,0,16.71,20.58,0.606,5.87,54.344,0.66,23.409
5,27450,0,2,1,1921,79.3,0,1,22.46,17.92,3.496,7.16,61.554,0.342,18.524
5,21000,0,2,1,1899,81.4,0,1,20.46,16.72,4.084,11.16,53.48,0.269,9.594
5,104500,1,4,1,1989,183,0,0,30.03,6.31,1.934,3.05,58.577,0.797,15.408
5,43500,0,2,1,1926,85.5,0,0,22.05,21.5,0.452,11.21,57.551,0.187,12.559
2,38000,0,2,1,1932,73.4,0,0,17.03,16.72,5.385,1.21,57.115,0.536,18.131
3,35500,0,2,1,1959,103.8,0,0,23.02,14.79,1.067,3.26,54.298,0.562,12.995
2,55500,0,3,1,1934,102.6,0,0,18.13,22.98,4.983,3.2,60.661,0.689,20.034
2,56000,0,2,1,1895,124.6,0,1,15.77,19.02,5.552,0.52,56.669,1.178,10.164
5,57500,1,2,1,1926,87.2,0,0,27.57,8.92,0.6,8.36,52.959,0.613,19.534
6,47000,1,4,1,1981,90.7,0,0,26.26,9.12,1.2,9.25,52.217,1.021,18.135
4,59450,1,4,1,1988,80.8,0,0,21.32,17.16,1.443,4.09,59.652,0.652,12.012
3,77450,1,4,1,1994,121,0,0,18.96,19.16,0.702,6.81,58.331,0.747,18.331
2,90500,1,3,1,1984,122.4,0,1,18.83,19.64,3.803,2.57,60.044,1.013,9.677
4,74495,1,4,1,1998,120.2,0,0,20.37,14.21,0.938,2.58,60.162,0.356,21.057
1,68500,0,3,1,2000,113.3,0,0,18.6,20.8,1.308,0.65,59.377,1.073,21.542
3,100000,0,3,1,2000,162.2,1,0,20.66,21.64,0.917,8.47,57.126,0.767,21.065
3,88950,0,4,4,1986,126.9,1,0,22.32,15.68,1.099,0,58.226,1.429,14.991
6,39250,1,3,1,1992,69.9,0,0,23.64,14.36,0.821,8.69,56.337,0.761,29.112
2,37000,1,2,1,1931,96.6,0,0,16.63,19.52,5.468,8.21,54.977,0.557,13.108
1,24450,0,3,2,1919,75.3,0,1,21.96,21.27,0.4,11.52,60.952,0.348,26.025
2,83500,1,3,2,1986,95.3,1,0,19.7,19.59,3.543,1.75,61.078,0.534,13.579
3,31500,0,2,1,1974,60.4,0,0,18.56,20.83,0.657,0,60.142,1.073,23.526
3,32750,0,3,1,1972,76.4,0,0,16.96,19.23,0.048,0.74,61.119,1.112,5.067
1,31500,0,2,2,1917,94,0,1,20.61,11.24,0.901,0,59.356,0.798,24.412
